{
  "description": {
    "title": "",
    "text": ""
  },
  "links_1": {
    "list_pages": true,
    "title": "Páginas",
    "list": []
  },
  "links_2": {
    "list_categories": true,
    "title": "Categorias",
    "list": []
  },
  "contacts": {
    "title": "Contatos",
    "phone_wpp": true,
    "socials": true,
    "email": true,
    "address": true
  },
  "stamps": [
    {
      "src": "/img/uploads/ssl-safe.png",
      "alt": "Secure connection"
    },
    {
      "src": "/img/uploads/21082020224934-copy.png",
      "link": "https://transparencyreport.google.com/safe-browsing/search?url=https:%2F%2Faureafarma.com.br%2F&hl=pt_BR"
    }
  ],
  "payment_methods": {
    "bb": true,
    "visa": true,
    "boleto": true,
    "aura": true,
    "banrisul": true,
    "elo": true,
    "hipercard": true,
    "hsbc": true,
    "bradesco": true,
    "santander": true,
    "mastercard": true,
    "citibank": true,
    "hiper": true,
    "diners": true,
    "mais": false,
    "amex": true,
    "itau": true
  },
  "credits": "O nome fantasia AUREAFARMA e o domínio aureafarma.com.br são marcas registradas por: Drogaria Popular Vila Diva Ltda - Av. Sapopemba, 3153 - Vila Reg. Feijó - CEP: 03345-001 - São Paulo - SP | NIRE  | Autorização MS:  A Aureafarma segue as determinações da Anvisa - Somente o médico está apto a diagnosticar qualquer problema de saúde e prescrever o tratamento adequado. Os preços, as promoções, o frete e as condições de pagamento divulgados no site são válidos apenas para compras feitas pela internet. Em caso de divergências de preços no site, o valor válido é o do carrinho de compras."
}