{
  "meta_title": "Aureafarma - Farmácia Online 24 horas",
  "meta_description": "Sua Farmácia Online 24 horas. Medicamentos, remédios genéricos, dermocosméticos, itens de cuidado diário, produtos para crianças e muito mais.",
  "sections": [
    {
      "type": "banner-slider",
      "autoplay": 9000,
      "slides": [
        {
          "start": "2021-07-30T17:43:45.164Z",
          "end": "2022-09-03T17:54:46.527Z",
          "img": "/img/uploads/delivery-fique-em-casa.jpg",
          "mobile_img": "/img/uploads/delivery-fique-em-casa.jpg"
        }
      ]
    },
    {
      "type": "info-bar",
      "enabled": true
    },
    {
      "type": "banners-grid",
      "banners": [
        {
          "img": "/img/uploads/banner-natulab.jpeg",
          "mobile_img": "/img/uploads/banner-natulab.jpeg"
        },
        {
          "img": "/img/uploads/destaquetamarine-gallery-img-2020-08-17-20-33-29.jpeg",
          "mobile_img": "/img/uploads/destaquetamarine-gallery-img-2020-08-17-20-33-29.jpeg"
        }
      ]
    },
    {
      "type": "collection-shelf",
      "shuffle": true,
      "collection_id": "60ccc4d2d24de4526fa87d59:categories:Alergia e Gripe:/alergia-e-gripe",
      "limit": 12,
      "page": 1,
      "title": "Para Gripe e Resfriado",
      "sort": null,
      "link": "https://aureafarma.com.br/alergia-e-gripe"
    },
    {
      "type": "banner-slider",
      "autoplay": 9000,
      "slides": [
        {
          "start": "2021-07-30T18:24:10.165Z",
          "end": "2022-10-01T18:24:10.240Z",
          "img": "/img/uploads/banner-inverno.jpeg",
          "mobile_img": "/img/uploads/banner-inverno.jpeg"
        }
      ]
    },
    {
      "type": "collection-shelf",
      "shuffle": true,
      "limit": 12,
      "page": 1,
      "title": "Higiene Infantil e Cuidados",
      "collection_id": "60ccc70dd24de4526fa87e72:categories:Higiene Infantil e Cuidados:/higiene-infantil-e-cuidados",
      "sort": "views"
    },
    {
      "type": "banners-grid",
      "banners": [
        {
          "img": "/img/uploads/0109-abbott-hyalufem-destaque-gallery-img-2020-09-01-16-46-19.jpeg",
          "mobile_img": "/img/uploads/0109-abbott-hyalufem-destaque-gallery-img-2020-09-01-16-46-19.jpeg"
        },
        {
          "img": "/img/uploads/banner-destaque-theraskin-gallery-img-2020-08-03-15-32-05.jpeg",
          "mobile_img": "/img/uploads/banner-destaque-theraskin-gallery-img-2020-08-03-15-32-05.jpeg"
        }
      ]
    },
    {
      "type": "collection-shelf",
      "shuffle": true,
      "limit": 12,
      "page": 1,
      "collection_id": "60ccc64ad24de4526fa87e03:categories:Remédios para Saúde da Mulher:/remedios-para-saude-da-mulher",
      "title": "Para Contracepção",
      "sort": "views",
      "link": "https://aureafarma.com.br/remedios-para-saude-da-mulher"
    },
    {
      "type": "banner-slider",
      "autoplay": 9000,
      "slides": [
        {
          "start": "2021-06-17T15:23:00.206Z",
          "end": "2023-04-01T15:23:25.297Z",
          "img": "/img/uploads/09-10_nutraway_mix-gallery-img-2020-10-09-17-08-51.jpeg",
          "mobile_img": "/img/uploads/09-10_nutraway_mix-gallery-img-2020-10-09-17-08-51.jpeg"
        }
      ]
    },
    {
      "type": "collection-shelf",
      "shuffle": true,
      "limit": 12,
      "page": 1,
      "collection_id": "60ccc57ed24de4526fa87db0:categories:Remédio e Colírio para Olhos:/remedio-e-colirio-para-olhos",
      "link": ""
    },
    {
      "type": "brands-carousel",
      "limit": 12,
      "offset": 0,
      "sort": null
    },
    {
      "type": "page-title",
      "title": "Farmácia Online Aureafarma: Vantagens para suas compras",
      "description": "Compre agora e receba em casa com toda comodidade assim como fazem os milhares de clientes que atendemos todos os dias, de todo o Brasil. O mundo digital trouxe diversos benefícios para as pessoas, como permitir a comunicação instantânea, a realização de tarefas em qualquer lugar e até mesmo a compra de diversos itens sem a necessidade de sair de casa. Os avanços chegaram até as farmácias, nas quais vários medicamentos podem ser adquiridos com apenas alguns cliques. Tudo isso garantiu mais praticidade e conforto no dia a dia das pessoas, principalmente para quem precisa de medicamentos de uso contínuo e dos que não podem faltar no estoque. A Aureafarma é uma farmácia online que se destaca pelos preços baixos, melhores ofertas e entrega rápida de produtos que são importantes na rotina de qualquer pessoa."
    },
    {
      "type": "page-title",
      "title": "Drogaria Online: Faça seu pedido em poucos cliques",
      "description": "A farmácia online Aureafarma permite que seus clientes escolham os produtos certos por meio da loja virtual que fornece informações sobre os medicamentos, a dosagem e a quantidade em cada embalagem. A pesquisa pode ser feita pelo nome ou categoria do produto. Os medicamentos das melhores marcas, também genéricos, fitoterápicos, florais de bach, bioflorais, homeopáticos, antihomotóxicos e ampla variedade dos de venda livre, aqueles que não precisam de receita para comprar. Mas na hora de comprar, a segurança é primordial. Para aqueles que são vendidos sob prescrição médica, é necessário consultar sua receita médica e fazer a busca pelo nome e dosagem do medicamento prescrito pelo especialista. Nossa loja virtual, por normas de segurança, para poder vender esses medicamentos, exige uma cópia da receita médica, que deve ser anexada por meio de um arquivo de imagem. Depois, basta clicar no botão comprar e seguir com sua compra, rápido e fácil. As vantagens de comprar na farmácia online Aureafarma são inúmeras, principalmente para quem mora longe de uma farmácia ou quando o deslocamento se torna trabalhoso. Os idosos, por exemplo, desfrutam de mais facilidade para adquirir os medicamentos receitados de uso diário. O procedimento pode ser realizado de maneira prática e rápida para que você escolha os produtos com exatidão. Além disso, é possível adquirir os melhores itens de drogaria, como cosméticos, dermocosméticos e nutricosméticos, produtos para saúde e bem-estar como os probióticos, suplementos nutricionais das melhores marcas como Nature's Bounty, Jasmine, vitaminas e minerais, aparelhos G-tech e Omron para o controle da pressão arterial, inaladores, umidificadores, ampla variedade de produtos para o controle da glicemia e de utilidade para os diabéticos, toda linha de produtos Accu-Chek, produtos de higiene pessoal, toda linha para higiene bucal Curaprox, Oral-B, testes de fertilidade, gravidez, menopausa, produtos para gestantes, mamães e bebês, toda linha Mustela, Philips Aventis, protetores solares e até mesmo itens comuns de perfumaria."
    },
    {
      "type": "page-title",
      "title": "Farmácias Online: Compre com segurança e conforto na Aurea Farma",
      "description": "Nossa loja virtual possui os mais modernos sistemas de segurança como o Site Blindado e certificado SSL, o qual é identificados pelo S do “https” no início do endereço das páginas onde há digitação de dados. Tudo para que você se sinta sempre seguro.  A praticidade das compras online inclui também diferentes formas de pagamento. O boleto bancário com pagamento à vista é a principal opção, seguido de cartões para quem deseja parcelar. Os parcelamentos podem ser feitos através dos cartões com as bandeiras: Visa, Mastercard, Elo, American Express e Diners."
    },
    {
      "type": "page-title",
      "title": "Farmácia Delivery: Entregas em todo o Brasil",
      "description": "A comodidade da entrega em casa permite a inclusão desse serviço no seu dia a dia. Você só precisa informar o cep da sua residência que aparecem as opções de entrega e o valor do frete é calculado automaticamente."
    }
  ]
}